_id,hotness,activityHotness,primaryCategory,words,similarArticles,coins,description,publishedAt,title,url,source,thumbnail,sourceDomain,originalImageUrl
5f1999960b40f1001979f0df,73871.12580482624,4.917471492908243,ICO,1461,"[{'_id': '5f1941540b40f100197762ea', 'title': 'Apple Co-Founder Steve Wozniak Sues YouTube Over Crypto Scams', 'publishedAt': '2020-07-23T00:07:00.000Z', 'sourceDomain': 'cointelegraph.com', 'url': 'https://cryptocontrol.io/r/api/article/5f1941540b40f100197762ea?ref=5f1e57c28fa5ee0019914309', 'thumbnail': 'https://cloudfront.cryptocontrol.io/thumbnails/5f1941540b40f100197762ea-1595490647961.jpg'}, {'_id': '5f19405b0b40f1001977496c', 'title': 'Apple Co-Founder Steve Wozniak Sues YouTube Over Bitcoin Giveaway Scams - CoinDesk', 'publishedAt': '2020-07-22T22:43:27.000Z', 'sourceDomain': 'coindesk.com', 'url': 'https://cryptocontrol.io/r/api/article/5f19405b0b40f1001977496c?ref=5f1e57c28fa5ee0019914309', 'thumbnail': 'https://cloudfront.cryptocontrol.io/thumbnails/5f19405b0b40f1001977496c-1595490398065.jpg'}, {'_id': '5f195ccf0b40f100197840bb', 'title': 'Steve Wozniak Sues YouTube for Inaction Against Bitcoin Scams', 'publishedAt': '2020-07-23T06:45:08.000Z', 'sourceDomain': 'financemagnates.com', 'url': 'https://cryptocontrol.io/r/api/article/5f195ccf0b40f100197840bb?ref=5f1e57c28fa5ee0019914309', 'thumbnail': 'https://cloudfront.cryptocontrol.io/thumbnails/5f195ccf0b40f100197840bb-1595497679850.jpg'}, {'_id': '5f195f4f0b40f10019785118', 'title': 'Steve Wozniak Sues YouTube For Crypto Scam', 'publishedAt': '2020-07-23T09:08:30.000Z', 'sourceDomain': 'ihodl.com', 'url': 'https://cryptocontrol.io/r/api/article/5f195f4f0b40f10019785118?ref=5f1e57c28fa5ee0019914309', 'thumbnail': 'https://cloudfront.cryptocontrol.io/thumbnails/5f195f4f0b40f10019785118-1595498329887.jpg'}, {'_id': '5f19653f0b40f1001978723d', 'title': 'Apple co-founder sues Google, YouTube over fake Bitcoin giveaways', 'publishedAt': '2020-07-23T09:01:43.000Z', 'sourceDomain': 'decrypt.co', 'url': 'https://cryptocontrol.io/r/api/article/5f19653f0b40f1001978723d?ref=5f1e57c28fa5ee0019914309', 'thumbnail': 'https://cloudfront.cryptocontrol.io/thumbnails/5f19653f0b40f1001978723d-1595499839988.jpg'}, {'_id': '5f19961d0b40f1001979d72c', 'title': 'Apple Co-Founder Steve Wozniak Sues YouTube Over Fake Bitcoin Giveaways', 'publishedAt': '2020-07-23T13:39:04.000Z', 'sourceDomain': 'cryptopotato.com', 'url': 'https://cryptocontrol.io/r/api/article/5f19961d0b40f1001979d72c?ref=5f1e57c28fa5ee0019914309', 'thumbnail': 'https://cloudfront.cryptocontrol.io/thumbnails/5f19961d0b40f1001979d72c-1595512349484.jpg'}]","[{'_id': '59cb59e81c073f09e76f614b', 'name': 'Bitcoin', 'slug': 'bitcoin', 'tradingSymbol': 'BTC'}, {'_id': '59d21e9b83a0523906a45db4', 'name': 'IOTA', 'slug': 'iota', 'tradingSymbol': 'MIOTA'}, {'_id': '59d21e9b83a0523906a45dbc', 'name': 'Cardano', 'slug': 'cardano', 'tradingSymbol': 'ADA'}, {'_id': '5de5a582d37160001ab4bdff', 'name': 'XRP', 'slug': 'xrp', 'tradingSymbol': 'XRP'}, {'_id': '5a7b931102ac032bc99781f1', 'name': 'DATA', 'slug': 'data', 'tradingSymbol': 'DTA'}]","Bitcoin giveaway scammers are getting away with Bitcoin.
Over the years, it has become a known fact for anyone dealing with cryptocurrencies that scams are running rampant. However, as more novice players enter the market, more scammers up their tactics to take advantage of unsuspecting Bitcoin…",2020-07-23T13:15:00.000Z,Crypto Scammer on the Prowl as YouTube and Twitter Become Central to Bitcoin Scams,https://cryptocontrol.io/r/api/article/5f1999960b40f1001979f0df?ref=5f1e57c28fa5ee0019914309,"{'_id': '59d70be3ef8bf95cc2aa2b4f', 'name': 'CoinTelegraph', 'url': 'https://cointelegraph.com/', 'favicon': 'https://assets.cryptocontrol.io/favicons/59d70be3ef8bf95cc2aa2b4f.png'}",https://cloudfront.cryptocontrol.io/thumbnails/5f1999960b40f1001979f0df-1595513239070.jpg,cointelegraph.com,https://images.cointelegraph.com/images/740_aHR0cHM6Ly9zMy5jb2ludGVsZWdyYXBoLmNvbS9zdG9yYWdlL3VwbG9hZHMvdmlldy9mNWUxMDkyZGMyMDU1OGM0NTcyYzdkNzk1NGVmNWVjMS5qcGc=.jpg
5f198c690b40f10019798aeb,73869.37039412264,3.4516904189374125,General,603,"[{'_id': '5f1966060b40f10019787263', 'title': 'Staking Services a Serious Risk to Earning Passive Ethereum, Says Report', 'publishedAt': '2020-07-23T08:19:17.000Z', 'sourceDomain': 'cryptobriefing.com', 'url': 'https://cryptocontrol.io/r/api/article/5f1966060b40f10019787263?ref=5f1e57c28fa5ee0019914309', 'thumbnail': 'https://cloudfront.cryptocontrol.io/thumbnails/5f1966060b40f10019787263-1595500038964.png'}, {'_id': '5f1942a50b40f10019776b45', 'title': 'Ethereum at $243 Is “Hilarious,” Says Analyst as ETH2 and Staking Near', 'publishedAt': '2020-07-22T22:58:49.000Z', 'sourceDomain': 'newsbtc.com', 'url': 'https://cryptocontrol.io/r/api/article/5f1942a50b40f10019776b45?ref=5f1e57c28fa5ee0019914309', 'thumbnail': 'https://cloudfront.cryptocontrol.io/thumbnails/5f1942a50b40f10019776b45-1595490981981.jpg'}]","[{'_id': '59cb59f9b0836b0a63aebc7c', 'name': 'Ethereum', 'tradingSymbol': 'ETH', 'slug': 'ethereum'}, {'_id': '5e3844aa16c3760019f74f7b', 'name': 'TOP', 'slug': 'top', 'tradingSymbol': 'TOP'}, {'_id': '5e3844aa16c3760019f74e94', 'name': 'Beacon', 'slug': 'beacon', 'tradingSymbol': 'BECN'}]","Ethereum Foundation researcher Justin Drake caused quite the stir earlier this month when he said that for Ethereum 2 (a.k.a.
",2020-07-23T11:30:44.000Z,"Top developer doubles down, says Ethereum 2.0 will launch in 2020",https://cryptocontrol.io/r/api/article/5f198c690b40f10019798aeb?ref=5f1e57c28fa5ee0019914309,"{'_id': '5b4b590dc831fd000f6c4c66', 'name': 'CryptoSlate', 'url': 'https://cryptoslate.com', 'favicon': 'https://assets.cryptocontrol.io/favicons/5b4b590dc831fd000f6c4c66.png'}",https://cloudfront.cryptocontrol.io/thumbnails/5f198c690b40f10019798aeb-1595509872392.jpg,cryptoslate.com,https://cryptoslate.com/wp-content/uploads/2020/05/ethereum-move.jpg
5f1979800b40f1001978ed04,73869.07140450482,3.4165896900077315,General,351,"[{'_id': '5f1962110b40f100197861a9', 'title': 'Three Reasons Why Ethereum Surged to a Five-Month High', 'publishedAt': '2020-07-23T08:05:24.000Z', 'sourceDomain': 'beincrypto.com', 'url': 'https://cryptocontrol.io/r/api/article/5f1962110b40f100197861a9?ref=5f1e57c28fa5ee0019914309', 'thumbnail': 'https://cloudfront.cryptocontrol.io/thumbnails/5f1962110b40f100197861a9-1595499028487.jpg'}, {'_id': '5f1940bc0b40f10019774dbb', 'title': 'Ethereum 2.0 Developers Announce ‘Final’ Testnet Before Network Launch - CoinDesk', 'publishedAt': '2020-07-22T18:37:53.000Z', 'sourceDomain': 'coindesk.com', 'url': 'https://cryptocontrol.io/r/api/article/5f1940bc0b40f10019774dbb?ref=5f1e57c28fa5ee0019914309', 'thumbnail': 'https://cloudfront.cryptocontrol.io/thumbnails/5f1940bc0b40f10019774dbb-1595490493178.png'}]","[{'_id': '59cb59f9b0836b0a63aebc7c', 'name': 'Ethereum', 'tradingSymbol': 'ETH', 'slug': 'ethereum'}, {'_id': '5a7b931102ac032bc99781f1', 'name': 'DATA', 'slug': 'data', 'tradingSymbol': 'DTA'}, {'_id': '5e3844a816c3760019f74be2', 'name': 'Rally', 'slug': 'rally', 'tradingSymbol': 'RALLY'}]","As the world-leading digital asset is moving up even above $9,500 after remaining in the area between $9,000 and $9,300. The second-largest cryptocurrency by market volume Ethereum has also started its movement in an upward direction following Bitcoin. Surpassed 50-day and 200-day MA The interesting…",2020-07-23T09:55:44.000Z,Ethereum is up 140% since mid-March; Public Testnet Launch date...,https://cryptocontrol.io/r/api/article/5f1979800b40f1001978ed04?ref=5f1e57c28fa5ee0019914309,"{'_id': '5d79ee2e26ceed001aa0514b', 'name': 'Tokenhell', 'url': 'https://tokenhell.com/', 'favicon': 'https://assets.cryptocontrol.io/favicons/5d79ee2e26ceed001aa0514b.png'}",https://cloudfront.cryptocontrol.io/thumbnails/5f1979800b40f1001978ed04-1595505032986.png,tokenhell.com,https://tokenhell.com/wp-content/uploads/ethereum-4.png
5f199a080b40f1001979f13b,73867.86608933864,1.7695615608675153,General,427,"[{'_id': '5f1979c00b40f1001978ef98', 'title': 'Ethereum rates on the rise as demand grows', 'publishedAt': '2020-07-23T11:30:07.000Z', 'sourceDomain': 'ourbitcoinnews.com', 'url': 'https://cryptocontrol.io/r/api/article/5f1979c00b40f1001978ef98?ref=5f1e57c28fa5ee0019914309', 'thumbnail': 'https://cloudfront.cryptocontrol.io/thumbnails/5f1979c00b40f1001978ef98-1595505095586.jpg'}]","[{'_id': '59cb59f9b0836b0a63aebc7c', 'name': 'Ethereum', 'tradingSymbol': 'ETH', 'slug': 'ethereum'}, {'_id': '5a1aafdbda3d21115462ee14', 'name': 'Change', 'slug': 'change', 'tradingSymbol': 'CAG'}, {'_id': '59d21e9b83a0523906a45dc3', 'name': 'Gas', 'slug': 'gas', 'tradingSymbol': 'GAS'}, {'_id': '5cd36d8270d74700100891ad', 'name': 'NEXT', 'slug': 'next', 'tradingSymbol': 'NET'}]","With Ethereum fees on the rise, Vitalik Buterin tweeted a warning on how this...
",2020-07-23T12:34:45.000Z,Ethereum’s co-founder calls for change for high fees,https://cryptocontrol.io/r/api/article/5f199a080b40f1001979f13b?ref=5f1e57c28fa5ee0019914309,"{'_id': '59d71bc4ef8bf95cc2aaf570', 'name': 'CoinJournal', 'url': 'http://coinjournal.net', 'favicon': 'https://assets.cryptocontrol.io/favicons/59d71bc4ef8bf95cc2aaf570.png'}",https://cloudfront.cryptocontrol.io/thumbnails/5f199a080b40f1001979f13b-1595513352459.jpg,coinjournal.net,https://coinjournal.net/wp-content/uploads/2020/07/03_ETH-1.jpg
5f1996300b40f1001979d751,73867.55490592649,1.7252762968495368,Exchanges,277,"[{'_id': '5f195b280b40f100197837a0', 'title': 'Twitter Confirms that DMs of 36 High Profile Users Were Affected by...', 'publishedAt': '2020-07-23T09:09:02.000Z', 'sourceDomain': 'coinspeaker.com', 'url': 'https://cryptocontrol.io/r/api/article/5f195b280b40f100197837a0?ref=5f1e57c28fa5ee0019914309', 'thumbnail': 'https://cloudfront.cryptocontrol.io/thumbnails/5f195b280b40f100197837a0-1595497258486.jpg'}]","[{'_id': '5b6a328530a21d000f00ae48', 'name': 'Giant', 'slug': 'giant-coin', 'tradingSymbol': 'GIC'}, {'_id': '59cb59e81c073f09e76f614b', 'name': 'Bitcoin', 'slug': 'bitcoin', 'tradingSymbol': 'BTC'}, {'_id': '5b7ca78b0c38a700190ebdff', 'name': 'Own', 'slug': 'own', 'tradingSymbol': 'CHX'}]","Social media giant Twitter has shed more light on what happened during last week’s high profile hacking spree.
",2020-07-23T10:58:40.000Z,Twitter Explains How 130 of the Most Popular Accounts Got Hacked,https://cryptocontrol.io/r/api/article/5f1996300b40f1001979d751?ref=5f1e57c28fa5ee0019914309,"{'_id': '5ce406880175730010f47558', 'name': 'Crypto Potato', 'url': 'https://cryptopotato.com/', 'favicon': 'https://assets.cryptocontrol.io/favicons/5ce406880175730010f47558.png'}",https://cloudfront.cryptocontrol.io/thumbnails/5f1996300b40f1001979d751-1595512368660.jpg,cryptopotato.com,https://cryptopotato.com/wp-content/uploads/2020/07/twitter_hack-min.jpg
5f198f6b0b40f1001979a43b,73867.46970378942,1.7506297153514587,General,397,"[{'_id': '5f197b0a0b40f1001978eff7', 'title': 'Ethereum Whales Send Exchanges $182M in ‘Likely Pre-Pump Positioning’', 'publishedAt': '2020-07-23T07:40:00.000Z', 'sourceDomain': 'cointelegraph.com', 'url': 'https://cryptocontrol.io/r/api/article/5f197b0a0b40f1001978eff7?ref=5f1e57c28fa5ee0019914309', 'thumbnail': 'https://cloudfront.cryptocontrol.io/thumbnails/5f197b0a0b40f1001978eff7-1595505418764.jpg'}]","[{'_id': '5e3844a816c3760019f74b72', 'name': 'Defi', 'slug': 'defi', 'tradingSymbol': 'DEFI'}, {'_id': '59d21e9b83a0523906a45f2b', 'name': 'Altcoin', 'slug': 'altcoin-alt', 'tradingSymbol': 'alt'}, {'_id': '59cb59f9b0836b0a63aebc7c', 'name': 'Ethereum', 'tradingSymbol': 'ETH', 'slug': 'ethereum'}, {'_id': '59cb59e81c073f09e76f614b', 'name': 'Bitcoin', 'slug': 'bitcoin', 'tradingSymbol': 'BTC'}, {'_id': '5cd36d8270d74700100891ad', 'name': 'NEXT', 'slug': 'next', 'tradingSymbol': 'NET'}, {'_id': '5a1aafdbda3d21115462eead', 'name': 'ERC20', 'slug': 'erc20', 'tradingSymbol': 'ERC20'}]","Statistics from on-chain analytics resource Santiment on 23rd July advocated that 700,000 ETH ($182.7 million) ended its approach to exchange wallets in just 3days in the present week.
",2020-07-23T10:18:52.000Z,Ethereum Whales Send Interactions $182M in ‘Likely Pre-Pump Positioning’,https://cryptocontrol.io/r/api/article/5f198f6b0b40f1001979a43b?ref=5f1e57c28fa5ee0019914309,"{'_id': '5b8946c00c38a700198abd74', 'name': 'BTCWires', 'url': 'https://www.btcwires.com/', 'favicon': 'https://assets.cryptocontrol.io/favicons/5b8946c00c38a700198abd74.png'}",https://cloudfront.cryptocontrol.io/thumbnails/5f198f6b0b40f1001979a43b-1595510639980.png,btcwires.com,https://www.btcwires.com/wp-content/uploads/Ethereum-Whales.png
5f196b740b40f1001978aa06,73867.33461570222,1.708180517035173,General,529,"[{'_id': '5f1965d70b40f10019787254', 'title': 'Latvian police seize $890,000 in assets in Bitcoin bust', 'publishedAt': '2020-07-22T11:18:28.000Z', 'sourceDomain': 'decrypt.co', 'url': 'https://cryptocontrol.io/r/api/article/5f1965d70b40f10019787254?ref=5f1e57c28fa5ee0019914309', 'thumbnail': 'https://cloudfront.cryptocontrol.io/thumbnails/5f1965d70b40f10019787254-1595499992068.jpg'}]","[{'_id': '59cb59e81c073f09e76f614b', 'name': 'Bitcoin', 'slug': 'bitcoin', 'tradingSymbol': 'BTC'}, {'_id': '5e3844aa16c3760019f74f7b', 'name': 'TOP', 'slug': 'top', 'tradingSymbol': 'TOP'}, {'_id': '5a7b931102ac032bc99781f1', 'name': 'DATA', 'slug': 'data', 'tradingSymbol': 'DTA'}]","Law enforcement agents in Latvia have busted an illegal crypto operation in the country. According to an official announcement published on Monday, the Latvian police got [...]
",2020-07-23T09:45:31.000Z,Latvian Police Bust Local Crypto Fraud Operators,https://cryptocontrol.io/r/api/article/5f196b740b40f1001978aa06?ref=5f1e57c28fa5ee0019914309,"{'_id': '5ccabcb670d7470010854415', 'name': 'InsideBitcoins', 'url': 'https://insidebitcoins.com/', 'favicon': 'https://assets.cryptocontrol.io/favicons/5ccabcb670d7470010854415.png'}",https://cloudfront.cryptocontrol.io/thumbnails/5f196b740b40f1001978aa06-1595501428283.jpg,insidebitcoins.com,https://insidebitcoins.com/wp-content/uploads/2020/07/Latvia-police.jpg
5f1979880b40f1001978ef90,73867.11022431092,1.6887891257352456,General,365,"[{'_id': '5f1946060b40f10019779235', 'title': 'A 4-Month High Bitcoin-Gold Correlation Hints at a Bullish Market Sentiment', 'publishedAt': '2020-07-23T04:53:57.000Z', 'sourceDomain': 'bitcoinist.com', 'url': 'https://cryptocontrol.io/r/api/article/5f1946060b40f10019779235?ref=5f1e57c28fa5ee0019914309', 'thumbnail': 'https://cloudfront.cryptocontrol.io/thumbnails/5f1946060b40f10019779235-1595491846785.jpg'}]","[{'_id': '59cb59e81c073f09e76f614b', 'name': 'Bitcoin', 'slug': 'bitcoin', 'tradingSymbol': 'BTC'}, {'_id': '5e3844aa16c3760019f74ee0', 'name': 'Digital Gold', 'slug': 'digital-gold', 'tradingSymbol': 'GOLD'}]","The correlation between digital gold Bitcoin and physical gold has reached four months’ highest value. As investors’ belief over Fed has decreased, they are looking for more safe-haven assets including Bitcoin and gold. The US bonds market is plunging amid high purchasing of bonds on the part of…",2020-07-23T08:31:43.000Z,Bitcoin Correlation with Gold again at a Peak Value; What does it...,https://cryptocontrol.io/r/api/article/5f1979880b40f1001978ef90?ref=5f1e57c28fa5ee0019914309,"{'_id': '5d79ee2e26ceed001aa0514b', 'name': 'Tokenhell', 'url': 'https://tokenhell.com/', 'favicon': 'https://assets.cryptocontrol.io/favicons/5d79ee2e26ceed001aa0514b.png'}",https://cloudfront.cryptocontrol.io/thumbnails/5f1979880b40f1001978ef90-1595505035878.png,tokenhell.com,https://tokenhell.com/wp-content/uploads/gold-news.png
5f197b000b40f1001978efdf,73867.0017992308,1.7156881196792086,Exchanges,339,"[{'_id': '5f1965900b40f10019787247', 'title': 'ShapeShift launches ""self-sovereign"" mobile trading app', 'publishedAt': '2020-07-22T17:34:10.000Z', 'sourceDomain': 'decrypt.co', 'url': 'https://cryptocontrol.io/r/api/article/5f1965900b40f10019787247?ref=5f1e57c28fa5ee0019914309', 'thumbnail': 'https://cloudfront.cryptocontrol.io/thumbnails/5f1965900b40f10019787247-1595499920173.jpg'}]","[{'_id': '59cb59e81c073f09e76f614b', 'name': 'Bitcoin', 'slug': 'bitcoin', 'tradingSymbol': 'BTC'}, {'_id': '59d21e9b83a0523906a45daf', 'name': 'Bitcoin Cash', 'slug': 'bitcoin-cash', 'tradingSymbol': 'BCH'}, {'_id': '59d21e9b83a0523906a45db0', 'name': 'Litecoin', 'slug': 'litecoin', 'tradingSymbol': 'LTC'}]","Shapeshift have launched their new mobile trading app in over 120 countries, giving users full control of their private keys.
Self-custody crypto platform Shapeshift has launched a mobile trading app for iOS and android users to buy and sell digital assets such as Bitcoin ( BTC ) and Ether ( ETH )…",2020-07-23T07:43:00.000Z,Shapeshift Launches Self-Custody Trading App for Android and iOS Users,https://cryptocontrol.io/r/api/article/5f197b000b40f1001978efdf?ref=5f1e57c28fa5ee0019914309,"{'_id': '59d70be3ef8bf95cc2aa2b4f', 'name': 'CoinTelegraph', 'url': 'https://cointelegraph.com/', 'favicon': 'https://assets.cryptocontrol.io/favicons/59d70be3ef8bf95cc2aa2b4f.png'}",https://cloudfront.cryptocontrol.io/thumbnails/5f197b000b40f1001978efdf-1595505408362.jpg,cointelegraph.com,https://images.cointelegraph.com/images/740_aHR0cHM6Ly9zMy5jb2ludGVsZWdyYXBoLmNvbS9zdG9yYWdlL3VwbG9hZHMvdmlldy84NDhmYjcyNTE4ZmJhZGRkY2YxYjExYzkzODA0NzlhZS5qcGc=.jpg
5f195dc80b40f1001978510c,73866.92744070759,1.7137833001821392,General,240,"[{'_id': '5f19411f0b40f100197750b0', 'title': 'Bitcoin SV ‘Educates’ China’s Largest Developer Community', 'publishedAt': '2020-07-23T05:39:00.000Z', 'sourceDomain': 'cointelegraph.com', 'url': 'https://cryptocontrol.io/r/api/article/5f19411f0b40f100197750b0?ref=5f1e57c28fa5ee0019914309', 'thumbnail': 'https://cloudfront.cryptocontrol.io/thumbnails/5f19411f0b40f100197750b0-1595490592264.jpg'}]","[{'_id': '59cb59e81c073f09e76f614b', 'name': 'Bitcoin', 'slug': 'bitcoin', 'tradingSymbol': 'BTC'}, {'_id': '5bfc89093c4bad0016670af9', 'name': 'Bitcoin SV', 'slug': 'bitcoin-sv', 'tradingSymbol': 'BSV'}, {'_id': '59cb59f9b0836b0a63aebc7c', 'name': 'Ethereum', 'tradingSymbol': 'ETH', 'slug': 'ethereum'}, {'_id': '5afcc60ced3b0e000f40d55c', 'name': 'KEY', 'slug': 'key', 'tradingSymbol': 'key'}]",Bitcoin SV’s Bitcoin Association has driven a ‘Bitcoin SV Developer Zone’ in Partnership with the Chinese Software Developer Network (CSDN). READ MORE : ETH 2.0 (Ethereum) testnet is ready to upgrade on August 4 CSDN is the biggest developer network in China and has 31 million clients. The zone will…,2020-07-23T07:16:55.000Z,Bitcoin SV and CSDN Partnership will “EDUCATE” to the largest Developer Community,https://cryptocontrol.io/r/api/article/5f195dc80b40f1001978510c?ref=5f1e57c28fa5ee0019914309,"{'_id': '5b5626158cb221000fe2f223', 'name': 'Currency Times', 'url': 'http://currencytimes.co.in/', 'favicon': 'https://assets.cryptocontrol.io/favicons/5b5626158cb221000fe2f223.png'}",https://cloudfront.cryptocontrol.io/thumbnails/5f195dc80b40f1001978510c-1595497928611.jpg,currencytimes.co.in,https://www.currencytimes.co.in/wp-content/uploads/2020/07/blockchain2020-55.jpg
5f1962830b40f100197861be,73866.89839416594,1.705431202977153,Analysis,312,"[{'_id': '5f1942620b40f10019776b30', 'title': 'Ripple UBRI program looks to improve anonymity', 'publishedAt': '2020-07-22T11:33:43.000Z', 'sourceDomain': 'coinjournal.net', 'url': 'https://cryptocontrol.io/r/api/article/5f1942620b40f10019776b30?ref=5f1e57c28fa5ee0019914309', 'thumbnail': 'https://cloudfront.cryptocontrol.io/thumbnails/5f1942620b40f10019776b30-1595490914576.jpg'}]","[{'_id': '59cb5a047ab17a0b2ec00edf', 'name': 'Ripple', 'tradingSymbol': 'xrp', 'slug': 'ripple'}, {'_id': '5c05c3873c4bad0016c2504d', 'name': 'Online', 'slug': 'online', 'tradingSymbol': 'oio'}, {'_id': '5de5a582d37160001ab4bdff', 'name': 'XRP', 'slug': 'xrp', 'tradingSymbol': 'XRP'}]","Ripple makes headlines once again following the latest announcement. Ripple says it is funding research on blockchain anonymity via its University Blockchain Research Initiative (UBRI), according to the latest reports coming from the online publication the Daily Hodl. Supporting research and…",2020-07-23T07:09:28.000Z,Ripple Is Funding Research For Crypto Anonymity – Private Transactions On XRP Legder,https://cryptocontrol.io/r/api/article/5f1962830b40f100197861be?ref=5f1e57c28fa5ee0019914309,"{'_id': '5bac83ff0c38a70019d8ffd9', 'name': 'Oracle Times', 'url': 'https://oracletimes.com/', 'favicon': 'https://assets.cryptocontrol.io/favicons/5bac83ff0c38a70019d8ffd9.png'}",https://cloudfront.cryptocontrol.io/thumbnails/5f1962830b40f100197861be-1595499141684.jpg,cryptogazette.com,https://cryptogazette.com/wp-content/uploads/2020/07/right_to_online_anonymity-oped_hanane-3.jpg
5f199aa60b40f1001979f194,73866.78813898412,0.4232778730037192,General,269,[],"[{'_id': '59cb59e81c073f09e76f614b', 'name': 'Bitcoin', 'slug': 'bitcoin', 'tradingSymbol': 'BTC'}, {'_id': '59cb59f9b0836b0a63aebc7c', 'name': 'Ethereum', 'tradingSymbol': 'ETH', 'slug': 'ethereum'}, {'_id': '5e3844a816c3760019f74b72', 'name': 'Defi', 'slug': 'defi', 'tradingSymbol': 'DEFI'}]","After weeks of sideways, ethereum has had enough. Leaving bitcoin behind to rise by about 10% to $265. Bitcoin rose slightly as well by 1.65%, overtaking once more $9,500 with...
",2020-07-23T14:11:21.000Z,"Ethereum Breaks Resistance, Can it Take $300?",https://cryptocontrol.io/r/api/article/5f199aa60b40f1001979f194?ref=5f1e57c28fa5ee0019914309,"{'_id': '59d8c55cef8bf95cc2bfcb48', 'name': 'Trust Nodes', 'url': 'http://www.trustnodes.com', 'favicon': 'https://assets.cryptocontrol.io/favicons/59d8c55cef8bf95cc2bfcb48.jpg'}",https://cloudfront.cryptocontrol.io/thumbnails/5f199aa60b40f1001979f194-1595513514662.jpg,trustnodes.com,https://www.trustnodes.com/wp-content/uploads/2020/07/ethereum-price-july-23-2020.jpg
5f1995700b40f1001979c6d8,73866.57437555067,0.2747459210331475,ICO,561,[],"[{'_id': '59d21e9b83a0523906a45dbb', 'name': 'Zcash', 'slug': 'zcash', 'tradingSymbol': 'ZEC'}, {'_id': '5e3844a916c3760019f74d82', 'name': 'BOOM', 'slug': 'boom', 'tradingSymbol': 'BOOM'}, {'_id': '5e3844aa16c3760019f74f7b', 'name': 'TOP', 'slug': 'top', 'tradingSymbol': 'TOP'}, {'_id': '59d21e9b83a0523906a45dd6', 'name': 'PIVX', 'slug': 'pivx', 'tradingSymbol': 'PIVX'}, {'_id': '59cb59e81c073f09e76f614b', 'name': 'Bitcoin', 'slug': 'bitcoin', 'tradingSymbol': 'BTC'}]","John McAfee, the billionaire software engineer and Bitcoin lover, appears to have found himself in hot water again. Earlier today, the millionaire and crypto enthusiast [...]
",2020-07-23T13:47:52.000Z,Intel Sues John McAfee Over Naming Rights for New Privacy Project,https://cryptocontrol.io/r/api/article/5f1995700b40f1001979c6d8?ref=5f1e57c28fa5ee0019914309,"{'_id': '5ccabcb670d7470010854415', 'name': 'InsideBitcoins', 'url': 'https://insidebitcoins.com/', 'favicon': 'https://assets.cryptocontrol.io/favicons/5ccabcb670d7470010854415.png'}",https://cloudfront.cryptocontrol.io/thumbnails/5f1995700b40f1001979c6d8-1595512176084.jpg,insidebitcoins.com,https://insidebitcoins.com/wp-content/uploads/2019/03/john-mcafee.jpg
5f199c4a0b40f1001979f1e2,73866.51267122912,0.22267122912954257,General,466,[],"[{'_id': '59cb59e81c073f09e76f614b', 'name': 'Bitcoin', 'slug': 'bitcoin', 'tradingSymbol': 'BTC'}, {'_id': '5a1aafdbda3d21115462ee14', 'name': 'Change', 'slug': 'change', 'tradingSymbol': 'CAG'}, {'_id': '5b7ca78b0c38a700190ebdff', 'name': 'Own', 'slug': 'own', 'tradingSymbol': 'CHX'}, {'_id': '5e3844a916c3760019f74d48', 'name': 'Safe', 'slug': 'safe', 'tradingSymbol': 'SAFE'}, {'_id': '5e3844aa16c3760019f74e18', 'name': 'Safe Haven', 'slug': 'safe-haven', 'tradingSymbol': 'SHA'}, {'_id': '5e3844a816c3760019f74b72', 'name': 'Defi', 'slug': 'defi', 'tradingSymbol': 'DEFI'}]","While media coverage focuses on Bitcoin, stablecoins are halving a field day in Q2 as the primary go-to option for remittances and hedging against fiat money inflation. A new report by the crypto trading platform, eToro in partnership with The Tie stated that stablecoins have become a safe haven for…",2020-07-23T13:44:24.000Z,eToro: Stablecoin Adoption Upsurge Driven by Remittances and Fiat Inflation,https://cryptocontrol.io/r/api/article/5f199c4a0b40f1001979f1e2?ref=5f1e57c28fa5ee0019914309,"{'_id': '5adc20e7ec0af7be3539d369', 'name': 'ZyCrypto', 'url': 'https://zycrypto.com', 'favicon': 'https://assets.cryptocontrol.io/favicons/5adc20e7ec0af7be3539d369.png'}",https://cloudfront.cryptocontrol.io/thumbnails/5f199c4a0b40f1001979f1e2-1595513930164.jpg,zycrypto.com,https://zycrypto.com/wp-content/uploads/2020/07/eToro_-Stablecoin-Adoption-Upsurge-Driven-by-Remittances-and-Fiat-Inflation.jpg
5f1996260b40f1001979d73d,73866.50017326484,0.22892326482767597,Analysis,584,[],"[{'_id': '59d21e9b83a0523906a45dda', 'name': 'ChainLink', 'slug': 'chainlink', 'tradingSymbol': 'LINK'}, {'_id': '5afcc60ced3b0e000f40d55c', 'name': 'KEY', 'slug': 'key', 'tradingSymbol': 'key'}, {'_id': '5b7ca78b0c38a700190ebdff', 'name': 'Own', 'slug': 'own', 'tradingSymbol': 'CHX'}, {'_id': '59cb59e81c073f09e76f614b', 'name': 'Bitcoin', 'slug': 'bitcoin', 'tradingSymbol': 'BTC'}, {'_id': '5a1aafdbda3d21115462ee14', 'name': 'Change', 'slug': 'change', 'tradingSymbol': 'CAG'}, {'_id': '5cd36d8270d74700100891ad', 'name': 'NEXT', 'slug': 'next', 'tradingSymbol': 'NET'}]","The last 24 hours were nothing short of exciting as the entire cryptocurrency market moved. Chainlink didn't fall behind and it also increased with more than 6%.
",2020-07-23T13:37:39.000Z,Chainlink Price Analysis: LINK Follows ETH’s Surge With Another Shot at $8,https://cryptocontrol.io/r/api/article/5f1996260b40f1001979d73d?ref=5f1e57c28fa5ee0019914309,"{'_id': '5ce406880175730010f47558', 'name': 'Crypto Potato', 'url': 'https://cryptopotato.com/', 'favicon': 'https://assets.cryptocontrol.io/favicons/5ce406880175730010f47558.png'}",https://cloudfront.cryptocontrol.io/thumbnails/5f1996260b40f1001979d73d-1595512358999.jpg,cryptopotato.com,https://cryptopotato.com/wp-content/uploads/2020/06/chainlink-min.jpg
5f199a860b40f1001979f183,73866.4682243139,0.21600209167967535,General,447,[],"[{'_id': '59d21e9b83a0523906a45dc4', 'name': 'TenX', 'slug': 'tenx', 'tradingSymbol': 'PAY'}, {'_id': '59cb59e81c073f09e76f614b', 'name': 'Bitcoin', 'slug': 'bitcoin', 'tradingSymbol': 'BTC'}]","Promoted: While many institutions struggled to recover from the market downturn in March, publicly-traded, blockchain-focused firm BTCS Inc. increased its portfolio.
",2020-07-23T13:30:48.000Z,BTCS Crypto Portfolio Expands Over 280% in Q2 2020 Amid COVID-19 Pandemic,https://cryptocontrol.io/r/api/article/5f199a860b40f1001979f183?ref=5f1e57c28fa5ee0019914309,"{'_id': '59d8c361ef8bf95cc2bfb66f', 'name': 'Bitcoin Magazine', 'url': 'https://bitcoinmagazine.com/', 'favicon': 'https://assets.cryptocontrol.io/favicons/59d8c361ef8bf95cc2bfb66f.png'}",https://cloudfront.cryptocontrol.io/thumbnails/5f199a860b40f1001979f183-1595513478674.jpg,bitcoinmagazine.com,https://bitcoinmagazine.com/wp-content/uploads/2020/01/article_970_647-1200x630-cropped.jpg
5f1999420b40f1001979f0b0,73866.44437683537,0.2472472057360943,General,979,[],"[{'_id': '59cb59f9b0836b0a63aebc7c', 'name': 'Ethereum', 'tradingSymbol': 'ETH', 'slug': 'ethereum'}, {'_id': '5a7b931102ac032bc99781f1', 'name': 'DATA', 'slug': 'data', 'tradingSymbol': 'DTA'}, {'_id': '59d21e9b83a0523906a45dc3', 'name': 'Gas', 'slug': 'gas', 'tradingSymbol': 'GAS'}, {'_id': '5b7ca78b0c38a700190ebdff', 'name': 'Own', 'slug': 'own', 'tradingSymbol': 'CHX'}, {'_id': '5e3844a816c3760019f74b72', 'name': 'Defi', 'slug': 'defi', 'tradingSymbol': 'DEFI'}, {'_id': '5e3844aa16c3760019f74f7b', 'name': 'TOP', 'slug': 'top', 'tradingSymbol': 'TOP'}, {'_id': '5ac2c404a8134644d0cc0a32', 'name': 'Consensus', 'slug': 'consensus', 'tradingSymbol': 'SEN'}, {'_id': '59d21e9b83a0523906a45dbe', 'name': 'Tether', 'slug': 'tether', 'tradingSymbol': 'USDT'}]","Ethereum's growing popularity with stablecoins and DeFi projects means fees are soaring on the network. Does that offer an opening for the competition?
",2020-07-23T13:10:58.000Z,"First Mover: Ethereum a Victim of Its Own Success as Fees Soar, Vitalik Complains - CoinDesk",https://cryptocontrol.io/r/api/article/5f1999420b40f1001979f0b0?ref=5f1e57c28fa5ee0019914309,"{'_id': '59ce11393a44cf289a9a71f5', 'name': 'CoinDesk', 'url': 'http://coindesk.com', 'favicon': 'https://assets.cryptocontrol.io/favicons/59ce11393a44cf289a9a71f5.png'}",https://cloudfront.cryptocontrol.io/thumbnails/5f1999420b40f1001979f0b0-1595513154901.jpg,coindesk.com,https://static.coindesk.com/wp-content/uploads/2020/05/46741642074_8433f6af13_k.jpg
5f1999fa0b40f1001979f115,73866.44320912685,0.21908875647772807,General,427,[],"[{'_id': '59cb59e81c073f09e76f614b', 'name': 'Bitcoin', 'slug': 'bitcoin', 'tradingSymbol': 'BTC'}, {'_id': '5bfc89093c4bad0016670af9', 'name': 'Bitcoin SV', 'slug': 'bitcoin-sv', 'tradingSymbol': 'BSV'}]","Earlier this week, DOKKZ, a startup from Switzerland, announced its document validation system will go into beta",2020-07-23T13:20:41.000Z,Software‌ startup‌ ‌introduces‌ ‌blockchain-based‌ ‌document‌ ‌validator‌,https://cryptocontrol.io/r/api/article/5f1999fa0b40f1001979f115?ref=5f1e57c28fa5ee0019914309,"{'_id': '59d71bc4ef8bf95cc2aaf570', 'name': 'CoinJournal', 'url': 'http://coinjournal.net', 'favicon': 'https://assets.cryptocontrol.io/favicons/59d71bc4ef8bf95cc2aaf570.png'}",https://cloudfront.cryptocontrol.io/thumbnails/5f1999fa0b40f1001979f115-1595513338178.jpg,coinjournal.net,https://coinjournal.net/wp-content/uploads/2020/07/05_Notary.jpg
5f1995780b40f1001979c6eb,73866.42949927895,0.19783261227936078,General,508,[],"[{'_id': '59cb59e81c073f09e76f614b', 'name': 'Bitcoin', 'slug': 'bitcoin', 'tradingSymbol': 'BTC'}, {'_id': '5b6a328530a21d000f00ae48', 'name': 'Giant', 'slug': 'giant-coin', 'tradingSymbol': 'GIC'}, {'_id': '5e3844aa16c3760019f74f7b', 'name': 'TOP', 'slug': 'top', 'tradingSymbol': 'TOP'}]","The crypto industry got some banter last week after hackers hit top social media platform Twitter to advertise a fake giveaway scam. Since then, new information [...]
",2020-07-23T13:23:24.000Z,Crypto Hoodlums Who Breached Twitter Also Cracked Users’ DM,https://cryptocontrol.io/r/api/article/5f1995780b40f1001979c6eb?ref=5f1e57c28fa5ee0019914309,"{'_id': '5ccabcb670d7470010854415', 'name': 'InsideBitcoins', 'url': 'https://insidebitcoins.com/', 'favicon': 'https://assets.cryptocontrol.io/favicons/5ccabcb670d7470010854415.png'}",https://cloudfront.cryptocontrol.io/thumbnails/5f1995780b40f1001979c6eb-1595512185057.jpeg,insidebitcoins.com,https://insidebitcoins.com/wp-content/uploads/2020/05/AR-191129810.jpgMaxW780imageVersion16by9NCS_modified20191121205300.jpeg
5f1991650b40f1001979baf8,73866.4011778604,0.23164082336557243,General,670,[],"[{'_id': '5e3844aa16c3760019f74f7b', 'name': 'TOP', 'slug': 'top', 'tradingSymbol': 'TOP'}, {'_id': '5b9c4b880c38a7001919d087', 'name': 'Olympic', 'slug': 'olympic', 'tradingSymbol': 'OLMP'}, {'_id': '59cb59f9b0836b0a63aebc7c', 'name': 'Ethereum', 'tradingSymbol': 'ETH', 'slug': 'ethereum'}, {'_id': '5e3844a916c3760019f74d48', 'name': 'Safe', 'slug': 'safe', 'tradingSymbol': 'SAFE'}, {'_id': '59cb59e81c073f09e76f614b', 'name': 'Bitcoin', 'slug': 'bitcoin', 'tradingSymbol': 'BTC'}]","The custody service of Cameron and Tyler Winklevoss's crypto empire now supports Unstoppable Domains "".crypto"" web domains.
",2020-07-23T13:01:02.000Z,Winklevoss’s Gemini will now keep your ‘unstoppable’ web domains safe,https://cryptocontrol.io/r/api/article/5f1991650b40f1001979baf8?ref=5f1e57c28fa5ee0019914309,"{'_id': '5badd2e80c38a70019e35b97', 'name': 'Decrypt Media', 'url': 'https://decryptmedia.com/', 'favicon': 'https://assets.cryptocontrol.io/favicons/5badd2e80c38a70019e35b97.jpg'}",https://cloudfront.cryptocontrol.io/thumbnails/5f1991650b40f1001979baf8-1595511141067.jpg,decrypt.co,https://cdn.decrypt.co/resize/1024/height/512/wp-content/uploads/2020/07/winklevoss-gemini-custody-crypto-domains-gID_4.jpg
5f199a230b40f1001979f145,73866.38610478635,0.21568811967920856,Analysis,519,[],"[{'_id': '5e3844a816c3760019f74b72', 'name': 'Defi', 'slug': 'defi', 'tradingSymbol': 'DEFI'}, {'_id': '59cb59f9b0836b0a63aebc7c', 'name': 'Ethereum', 'tradingSymbol': 'ETH', 'slug': 'ethereum'}, {'_id': '59d21e9b83a0523906a45dc3', 'name': 'Gas', 'slug': 'gas', 'tradingSymbol': 'GAS'}, {'_id': '5e3844a916c3760019f74d82', 'name': 'BOOM', 'slug': 'boom', 'tradingSymbol': 'BOOM'}, {'_id': '5e3844aa16c3760019f74f7b', 'name': 'TOP', 'slug': 'top', 'tradingSymbol': 'TOP'}]","The number of active Ethereum addresses rose by 100 percent in 2020, according to data fetched by Messari. The volume picked momentum on signs of growth within the decentralized finance sector (DeFi). Meanwhile, the ETH/USD exchange rate also grew higher, breaking above $250 for the first time since…",2020-07-23T13:01:21.000Z,Ethereum Active Addresses Rise Twofold as Price Breaks $250; What’s Next?,https://cryptocontrol.io/r/api/article/5f199a230b40f1001979f145?ref=5f1e57c28fa5ee0019914309,"{'_id': '59d71bd7ef8bf95cc2aaf579', 'name': 'NewsBTC', 'url': 'http://www.newsbtc.com', 'favicon': 'https://assets.cryptocontrol.io/favicons/59d71bd7ef8bf95cc2aaf579.png'}",https://cloudfront.cryptocontrol.io/thumbnails/5f199a230b40f1001979f145-1595513382264.jpg,newsbtc.com,https://www.newsbtc.com/wp-content/uploads/2020/07/Depositphotos_257376854_s-2019.jpg
5f19916e0b40f1001979bb0c,73866.38100039777,0.24678743481123133,Analysis,405,[],"[{'_id': '5e3844aa16c3760019f74f7b', 'name': 'TOP', 'slug': 'top', 'tradingSymbol': 'TOP'}, {'_id': '59cb59f9b0836b0a63aebc7c', 'name': 'Ethereum', 'tradingSymbol': 'ETH', 'slug': 'ethereum'}, {'_id': '5d0acc82f9eb99001a42ec8f', 'name': 'LEO', 'slug': 'unus-sed-leo', 'tradingSymbol': 'LEO'}, {'_id': '59d21e9b83a0523906a45dcb', 'name': 'Stellar Lumens', 'slug': 'stellar', 'tradingSymbol': 'XLM'}, {'_id': '59d21e9b83a0523906a45ddb', 'name': 'DigiByte', 'slug': 'digibyte', 'tradingSymbol': 'DGB'}, {'_id': '59d21e9b83a0523906a45dda', 'name': 'ChainLink', 'slug': 'chainlink', 'tradingSymbol': 'LINK'}]","Chainlink, Ethereum, and DigiByte are among today's best performers. But can the pump sustain its momentum?",2020-07-23T12:48:19.000Z,Cryptocurrency market gets $7 billion boost overnight,https://cryptocontrol.io/r/api/article/5f19916e0b40f1001979bb0c?ref=5f1e57c28fa5ee0019914309,"{'_id': '5badd2e80c38a70019e35b97', 'name': 'Decrypt Media', 'url': 'https://decryptmedia.com/', 'favicon': 'https://assets.cryptocontrol.io/favicons/5badd2e80c38a70019e35b97.jpg'}",https://cloudfront.cryptocontrol.io/thumbnails/5f19916e0b40f1001979bb0c-1595511150966.jpg,decrypt.co,https://cdn.decrypt.co/resize/1024/height/512/wp-content/uploads/2020/01/shutterstock_14346430791-gID_4.jpg
5f1999a50b40f1001979f0f1,73866.37980687783,0.21314021114911005,Blockchain,468,[],"[{'_id': '5afcc60ced3b0e000f40d55c', 'name': 'KEY', 'slug': 'key', 'tradingSymbol': 'key'}, {'_id': '59cb59e81c073f09e76f614b', 'name': 'Bitcoin', 'slug': 'bitcoin', 'tradingSymbol': 'BTC'}]","Chainalysis is expanding access to its Chainalysis Cryptocurrency Fundamentals Certification program to the wider community.
New York-based blockchain analytics firm Chainalysis is extending access to its certification program in crypto fundamentals to the wider professional community.
Announced on…",2020-07-23T13:00:00.000Z,Chainalysis Widens Access to Its Blockchain and Crypto Certification Program,https://cryptocontrol.io/r/api/article/5f1999a50b40f1001979f0f1?ref=5f1e57c28fa5ee0019914309,"{'_id': '59d70be3ef8bf95cc2aa2b4f', 'name': 'CoinTelegraph', 'url': 'https://cointelegraph.com/', 'favicon': 'https://assets.cryptocontrol.io/favicons/59d70be3ef8bf95cc2aa2b4f.png'}",https://cloudfront.cryptocontrol.io/thumbnails/5f1999a50b40f1001979f0f1-1595513253882.jpg,cointelegraph.com,https://images.cointelegraph.com/images/740_aHR0cHM6Ly9zMy5jb2ludGVsZWdyYXBoLmNvbS9zdG9yYWdlL3VwbG9hZHMvdmlldy8yNTg0Mjg3YjYzMTBlNDA4M2I2MGY5NDMwMTU0NTUyZS5qcGc=.jpg
5f198c180b40f10019798ab8,73866.37498607258,0.20818051703517285,Blockchain,398,[],"[{'_id': '59cb5a047ab17a0b2ec00edf', 'name': 'Ripple', 'tradingSymbol': 'xrp', 'slug': 'ripple'}]","The cryptocurrency industry has been churning out real-time use cases with some regularity to ensure adoption. Ripple is one such company, with the blockchain firm popularizing its on-demand liquidity
",2020-07-23T13:00:03.000Z,Ripple partner's alliance may give way to Japan-Vietnam corridor,https://cryptocontrol.io/r/api/article/5f198c180b40f10019798ab8?ref=5f1e57c28fa5ee0019914309,"{'_id': '5b4b57d8c831fd000f6b7e16', 'name': 'AMB Crypto', 'url': 'https://ambcrypto.com/', 'favicon': 'https://assets.cryptocontrol.io/favicons/5b4b57d8c831fd000f6b7e16.png'}",https://cloudfront.cryptocontrol.io/thumbnails/5f198c180b40f10019798ab8-1595509785202.jpg,eng.ambcrypto.com,https://engamb.sfo2.digitaloceanspaces.com/wp-content/uploads/2020/07/23145143/andrew-stutesman-l68Z6eF2peA-unsplash-e1595496118258.jpg
5f19994c0b40f1001979f0b8,73866.3748471837,0.20818051703517285,Blockchain,233,[],"[{'_id': '59cb59f9b0836b0a63aebc7c', 'name': 'Ethereum', 'tradingSymbol': 'ETH', 'slug': 'ethereum'}]","Gemini will offer custody on .crypto domains from Unstoppable Domains, which are based on non-fungible tokens much like cryptocurrencies.
",2020-07-23T13:00:00.000Z,Winklevoss-Owned Gemini Now Provides Custody for .Crypto Blockchain Domains - CoinDesk,https://cryptocontrol.io/r/api/article/5f19994c0b40f1001979f0b8?ref=5f1e57c28fa5ee0019914309,"{'_id': '59ce11393a44cf289a9a71f5', 'name': 'CoinDesk', 'url': 'http://coindesk.com', 'favicon': 'https://assets.cryptocontrol.io/favicons/59ce11393a44cf289a9a71f5.png'}",https://cloudfront.cryptocontrol.io/thumbnails/5f19994c0b40f1001979f0b8-1595513164582.jpg,coindesk.com,https://static.coindesk.com/wp-content/uploads/2019/01/Gemini-ad.jpg
5f199a020b40f1001979f125,73866.3737874439,0.22837077723447896,ICO,459,[],"[{'_id': '5c05c3873c4bad0016c2504d', 'name': 'Online', 'slug': 'online', 'tradingSymbol': 'oio'}, {'_id': '59cb5a047ab17a0b2ec00edf', 'name': 'Ripple', 'tradingSymbol': 'xrp', 'slug': 'ripple'}, {'_id': '59cb59e81c073f09e76f614b', 'name': 'Bitcoin', 'slug': 'bitcoin', 'tradingSymbol': 'BTC'}]","The video-sharing platform’s legal team denies liability over the scam as the content was...
",2020-07-23T12:52:21.000Z,YouTube denies liability for crypto scam in Ripple lawsuit,https://cryptocontrol.io/r/api/article/5f199a020b40f1001979f125?ref=5f1e57c28fa5ee0019914309,"{'_id': '59d71bc4ef8bf95cc2aaf570', 'name': 'CoinJournal', 'url': 'http://coinjournal.net', 'favicon': 'https://assets.cryptocontrol.io/favicons/59d71bc4ef8bf95cc2aaf570.png'}",https://cloudfront.cryptocontrol.io/thumbnails/5f199a020b40f1001979f125-1595513346166.jpg,coinjournal.net,https://coinjournal.net/wp-content/uploads/2020/07/04_YouTube.jpg
5f199c520b40f1001979f1f2,73866.35188814333,0.22864740258376798,General,562,[],"[{'_id': '59cb59e81c073f09e76f614b', 'name': 'Bitcoin', 'slug': 'bitcoin', 'tradingSymbol': 'BTC'}, {'_id': '5a1aafdbda3d21115462ee98', 'name': 'Macro', 'slug': 'macro1', 'tradingSymbol': 'mcr'}, {'_id': '5b7ca78b0c38a700190ebdff', 'name': 'Own', 'slug': 'own', 'tradingSymbol': 'CHX'}]","Gold, silver, Bitcoin, and everything else of importance are in a bubble. The Financial Times warned on July 3, “Don’t bet on the silver boom.” Yet, here we are in a world where the 2nd shiniest commodity is approaching record highs. On Tuesday, silver rose to 6 percent at $21.17 an ounce, its…",2020-07-23T12:44:22.000Z,"As Markets Thrive, Famed Hedge Funder Kyle Bass Expects Gold, Silver, and Bitcoin to Make Explosive Moves",https://cryptocontrol.io/r/api/article/5f199c520b40f1001979f1f2?ref=5f1e57c28fa5ee0019914309,"{'_id': '5adc20e7ec0af7be3539d369', 'name': 'ZyCrypto', 'url': 'https://zycrypto.com', 'favicon': 'https://assets.cryptocontrol.io/favicons/5adc20e7ec0af7be3539d369.png'}",https://cloudfront.cryptocontrol.io/thumbnails/5f199c520b40f1001979f1f2-1595513938559.jpg,zycrypto.com,https://zycrypto.com/wp-content/uploads/2020/07/As-Markets-Thrive-Famed-Hedge-Funder-Kyle-Bass-Expects-Gold-Silver-and-Bitcoin-to-Make-Explosive-Moves.jpg
5f1988d70b40f100197970f3,73866.30688048046,0.22354714713853074,General,420,[],"[{'_id': '59cb59f9b0836b0a63aebc7c', 'name': 'Ethereum', 'tradingSymbol': 'ETH', 'slug': 'ethereum'}, {'_id': '59cb5a047ab17a0b2ec00edf', 'name': 'Ripple', 'tradingSymbol': 'xrp', 'slug': 'ripple'}, {'_id': '5afcc60ced3b0e000f40d55c', 'name': 'KEY', 'slug': 'key', 'tradingSymbol': 'key'}, {'_id': '5e3844a816c3760019f74b72', 'name': 'Defi', 'slug': 'defi', 'tradingSymbol': 'DEFI'}]","Stafi has announced the completion of a $600,000 raise.  The project attracted participation from Focus Labs, Spark Digital Capital, and B-Tech in its new funding...
",2020-07-23T12:30:00.000Z,Ripple & YouTube: the lawsuit rages on as YT say they aren’t liable when it comes to crypto scams,https://cryptocontrol.io/r/api/article/5f1988d70b40f100197970f3?ref=5f1e57c28fa5ee0019914309,"{'_id': '5b04f195311c75000f476271', 'name': 'Crypto Daily', 'url': 'https://cryptodaily.co.uk', 'favicon': 'https://assets.cryptocontrol.io/favicons/5b04f195311c75000f476271.jpg'}",https://cloudfront.cryptocontrol.io/thumbnails/5f1988d70b40f100197970f3-1595508951683.jpg,cryptodaily.co.uk,https://cryptodailycdn.ams3.digitaloceanspaces.com/uploads/featured-images/Generic/green-arrow-paper.jpg
5f199a2d0b40f1001979f148,73866.27500882269,0.21019400787607845,General,537,[],"[{'_id': '5bff2c083c4bad0016809f5c', 'name': 'BEAT', 'slug': 'beat', 'tradingSymbol': 'BEAT'}, {'_id': '59cb59e81c073f09e76f614b', 'name': 'Bitcoin', 'slug': 'bitcoin', 'tradingSymbol': 'BTC'}]","Strong Q2 results from Tesla have some industry observers calling it the new Bitcoin. $TSLA is the new Bitcoin — Ramp Capital (@RampCapitalLLC) July 22, 2020 Records show Bitcoin first traded for $0.003 in March 2010 on the now-obsolete BitcoinMarket.com exchange. At today’s price, that’s over…",2020-07-23T12:23:20.000Z,Tesla’s Explosive Q2 Results Has Some Calling it The New Bitcoin,https://cryptocontrol.io/r/api/article/5f199a2d0b40f1001979f148?ref=5f1e57c28fa5ee0019914309,"{'_id': '59d71bd7ef8bf95cc2aaf579', 'name': 'NewsBTC', 'url': 'http://www.newsbtc.com', 'favicon': 'https://assets.cryptocontrol.io/favicons/59d71bd7ef8bf95cc2aaf579.png'}",https://cloudfront.cryptocontrol.io/thumbnails/5f199a2d0b40f1001979f148-1595513395791.jpg,newsbtc.com,https://www.newsbtc.com/wp-content/uploads/2020/07/Depositphotos_74474779_s-2019.jpg
5f1999b50b40f1001979f105,73866.26346227262,0.21346227261911432,General,545,[],"[{'_id': '5a1aafdbda3d21115462ee98', 'name': 'Macro', 'slug': 'macro1', 'tradingSymbol': 'mcr'}, {'_id': '5b0600845d27780010d289f3', 'name': 'RED', 'slug': 'red', 'tradingSymbol': 'RED'}, {'_id': '59cb59e81c073f09e76f614b', 'name': 'Bitcoin', 'slug': 'bitcoin', 'tradingSymbol': 'BTC'}, {'_id': '5e3844aa16c3760019f74f7b', 'name': 'TOP', 'slug': 'top', 'tradingSymbol': 'TOP'}, {'_id': '5e3844a816c3760019f74be2', 'name': 'Rally', 'slug': 'rally', 'tradingSymbol': 'RALLY'}]","The price of Bitcoin surged by 4.6% overnight but some traders are turning cautiously bearish on BTC/USD for two main reasons.
The price of Bitcoin ( BTC ) surged from $9,160 to $9,584 within the last 48 hours. But despite the 4.6% gain, some traders are turning short-term bearish on the top…",2020-07-23T12:18:00.000Z,Some Bitcoin Traders Turn Cautiously Bearish — Why $9.5K Is a Problem,https://cryptocontrol.io/r/api/article/5f1999b50b40f1001979f105?ref=5f1e57c28fa5ee0019914309,"{'_id': '59d70be3ef8bf95cc2aa2b4f', 'name': 'CoinTelegraph', 'url': 'https://cointelegraph.com/', 'favicon': 'https://assets.cryptocontrol.io/favicons/59d70be3ef8bf95cc2aa2b4f.png'}",https://cloudfront.cryptocontrol.io/thumbnails/5f1999b50b40f1001979f105-1595513269861.jpg,cointelegraph.com,https://images.cointelegraph.com/images/740_aHR0cHM6Ly9zMy5jb2ludGVsZWdyYXBoLmNvbS9zdG9yYWdlL3VwbG9hZHMvdmlldy80YTYwZDc4MTk5MWI1MjdhZTFkMzEwYWU0ZDdmYzBiYi5qcGc=.jpg
5f197b810b40f1001978f02e,73866.25908415594,1.6246860077931526,Analysis,453,"[{'_id': '5f196b1a0b40f100197899cb', 'title': 'Bitcoin and Altcoins Consolidate Gains', 'publishedAt': '2020-07-22T09:10:46.000Z', 'sourceDomain': 'cryptonews.com', 'url': 'https://cryptocontrol.io/r/api/article/5f196b1a0b40f100197899cb?ref=5f1e57c28fa5ee0019914309', 'thumbnail': 'https://cloudfront.cryptocontrol.io/thumbnails/5f196b1a0b40f100197899cb-1595501339367.jpg'}]","[{'_id': '59cb59e81c073f09e76f614b', 'name': 'Bitcoin', 'slug': 'bitcoin', 'tradingSymbol': 'BTC'}, {'_id': '5a7b931102ac032bc99781f1', 'name': 'DATA', 'slug': 'data', 'tradingSymbol': 'DTA'}, {'_id': '5cd36d8270d74700100891ad', 'name': 'NEXT', 'slug': 'next', 'tradingSymbol': 'NET'}]","Bitcoin gained around 2% and it broke the $9,500 resistance against the US Dollar. BTC is currently consolidating gains and indicators suggest high chances of more upsides above $9,600. Bitcoin is up close to 2% and it surpassed the key $9,500 resistance level. The price traded to a new monthly high…",2020-07-23T03:48:23.000Z,Bitcoin Smashes Heavy Uptrend Resistance as Bulls Take Over Crypto Market,https://cryptocontrol.io/r/api/article/5f197b810b40f1001978f02e?ref=5f1e57c28fa5ee0019914309,"{'_id': '59d71bd7ef8bf95cc2aaf579', 'name': 'NewsBTC', 'url': 'http://www.newsbtc.com', 'favicon': 'https://assets.cryptocontrol.io/favicons/59d71bd7ef8bf95cc2aaf579.png'}",https://cloudfront.cryptocontrol.io/thumbnails/5f197b810b40f1001978f02e-1595505537287.jpg,newsbtc.com,https://www.newsbtc.com/wp-content/uploads/2020/07/Depositphotos_204542466_s-2019.jpg
5f19974d0b40f1001979d77d,73866.24394858797,0.19820784724121582,Mining,375,[],"[{'_id': '59cb59e81c073f09e76f614b', 'name': 'Bitcoin', 'slug': 'bitcoin', 'tradingSymbol': 'BTC'}, {'_id': '5e3844a916c3760019f74d48', 'name': 'Safe', 'slug': 'safe', 'tradingSymbol': 'SAFE'}, {'_id': '5e3844aa16c3760019f74e18', 'name': 'Safe Haven', 'slug': 'safe-haven', 'tradingSymbol': 'SHA'}, {'_id': '5b4be006c831fd000fc41c2d', 'name': 'Record', 'slug': 'record', 'tradingSymbol': 'rcd'}]","Since the Supreme Court of India has overturned the decision of the central bank of India to stop providing banking services to crypto users, the adoption of crypto has increased quite noticeably. The world’s second most populated country has reported a new record for bitcoin peer-to-peer trading,…",2020-07-23T12:16:28.000Z,How crypto adoption in India has grown amid the global pandemic,https://cryptocontrol.io/r/api/article/5f19974d0b40f1001979d77d?ref=5f1e57c28fa5ee0019914309,"{'_id': '5d3acea9e19efe001b8c2121', 'name': 'Coinnounce', 'url': 'https://coinnounce.com/', 'favicon': 'https://assets.cryptocontrol.io/favicons/5d3acea9e19efe001b8c2121.png'}",https://cloudfront.cryptocontrol.io/thumbnails/5f19974d0b40f1001979d77d-1595512653665.jpg,coinnounce.com,https://mk0coinnouncemdktlrl.kinstacdn.com/wp-content/uploads/2020/07/cryptoindia-1.jpg
5f199ac30b40f1001979f1a9,73866.23163679425,0.21052568313867784,General,446,[],"[{'_id': '59cb59e81c073f09e76f614b', 'name': 'Bitcoin', 'slug': 'bitcoin', 'tradingSymbol': 'BTC'}, {'_id': '5b0600845d27780010d289f3', 'name': 'RED', 'slug': 'red', 'tradingSymbol': 'RED'}, {'_id': '5a7b931102ac032bc99781f1', 'name': 'DATA', 'slug': 'data', 'tradingSymbol': 'DTA'}, {'_id': '5b6e2704de3da2000fda0441', 'name': 'Quant', 'slug': 'quant', 'tradingSymbol': 'QNT'}, {'_id': '5cd36d8270d74700100891ad', 'name': 'NEXT', 'slug': 'next', 'tradingSymbol': 'NET'}]","Bitcoin is finally showing strength as the stock market and precious metals have surged higher. As of the time of this article’s writing, BTC changes hands for $9,500. BTC closed Wednesday’s trading session above a crucial level. The asset may not be in the clear yet as an analyst suggests a move…",2020-07-23T12:07:36.000Z,"Bitcoin Is On the Verge of Falling Towards $8,500, Then $7,000: Analyst",https://cryptocontrol.io/r/api/article/5f199ac30b40f1001979f1a9?ref=5f1e57c28fa5ee0019914309,"{'_id': '59d8e471ef8bf95cc2c16858', 'name': 'Bitcoinist', 'url': 'https://bitcoinist.com', 'favicon': 'https://assets.cryptocontrol.io/favicons/59d8e471ef8bf95cc2c16858.png'}",https://cloudfront.cryptocontrol.io/thumbnails/5f199ac30b40f1001979f1a9-1595513543780.jpg,bitcoinist.com,https://bitcoinist.com/wp-content/uploads/2020/06/shutterstock_381189358-1920x1280.jpg
5f19962a0b40f1001979d74f,73866.22446333745,0.21969481893889717,Exchanges,427,[],"[{'_id': '59d21e9b83a0523906a45df2', 'name': 'Syscoin', 'slug': 'syscoin', 'tradingSymbol': 'SYS'}, {'_id': '5e3844aa16c3760019f74e62', 'name': 'Binance USD', 'slug': 'binance-usd', 'tradingSymbol': 'BUSD'}, {'_id': '59cb59f9b0836b0a63aebc7c', 'name': 'Ethereum', 'tradingSymbol': 'ETH', 'slug': 'ethereum'}, {'_id': '59cb59e81c073f09e76f614b', 'name': 'Bitcoin', 'slug': 'bitcoin', 'tradingSymbol': 'BTC'}, {'_id': '5a1aafdbda3d21115462eead', 'name': 'ERC20', 'slug': 'erc20', 'tradingSymbol': 'ERC20'}]","Binance will be using Syscoin's Ethereum Bridge to further facilitate the adoption of its stablecoin - Binance USD (BUSD).
",2020-07-23T12:01:43.000Z,Binance Will Use Syscoin (SYS) Bridge for BUSD Stablecoin,https://cryptocontrol.io/r/api/article/5f19962a0b40f1001979d74f?ref=5f1e57c28fa5ee0019914309,"{'_id': '5ce406880175730010f47558', 'name': 'Crypto Potato', 'url': 'https://cryptopotato.com/', 'favicon': 'https://assets.cryptocontrol.io/favicons/5ce406880175730010f47558.png'}",https://cloudfront.cryptocontrol.io/thumbnails/5f19962a0b40f1001979d74f-1595512362863.jpg,cryptopotato.com,https://cryptopotato.com/wp-content/uploads/2020/07/binance_open_interest-min.jpg
5f198c260b40f10019798aca,73866.21871474037,0.21755733298042382,Analysis,368,[],"[{'_id': '5e3844a816c3760019f74b72', 'name': 'Defi', 'slug': 'defi', 'tradingSymbol': 'DEFI'}, {'_id': '59d21e9b83a0523906a45dbe', 'name': 'Tether', 'slug': 'tether', 'tradingSymbol': 'USDT'}, {'_id': '5e3844aa16c3760019f74f7b', 'name': 'TOP', 'slug': 'top', 'tradingSymbol': 'TOP'}, {'_id': '59d21e9b83a0523906a45f2b', 'name': 'Altcoin', 'slug': 'altcoin-alt', 'tradingSymbol': 'alt'}, {'_id': '59cb59f9b0836b0a63aebc7c', 'name': 'Ethereum', 'tradingSymbol': 'ETH', 'slug': 'ethereum'}, {'_id': '59d21e9b83a0523906a45dd4', 'name': 'Binance Coin', 'slug': 'binance-coin', 'tradingSymbol': 'BNB'}, {'_id': '5a1aafdbda3d21115462eead', 'name': 'ERC20', 'slug': 'erc20', 'tradingSymbol': 'ERC20'}, {'_id': '5cd36d8270d74700100891ad', 'name': 'NEXT', 'slug': 'next', 'tradingSymbol': 'NET'}]","Ethereum, Binance Coin, and Ontology looked bearish at the time of writing, a surprising finding especially since it followed the latest surge in Bitcoin's price. However, with DeFi and ETH gathering
",2020-07-23T12:00:25.000Z,"Ontology, Binance Coin, Ethereum Price Analysis: 23 July",https://cryptocontrol.io/r/api/article/5f198c260b40f10019798aca?ref=5f1e57c28fa5ee0019914309,"{'_id': '5b4b57d8c831fd000f6b7e16', 'name': 'AMB Crypto', 'url': 'https://ambcrypto.com/', 'favicon': 'https://assets.cryptocontrol.io/favicons/5b4b57d8c831fd000f6b7e16.png'}",https://cloudfront.cryptocontrol.io/thumbnails/5f198c260b40f10019798aca-1595509798700.jpg,eng.ambcrypto.com,https://engamb.sfo2.digitaloceanspaces.com/wp-content/uploads/2020/06/18133257/shares-5279686_1280.jpg
5f199a3a0b40f1001979f14a,73866.20640516997,0.20367368849500223,General,448,[],"[{'_id': '5cd36d8270d74700100891ad', 'name': 'NEXT', 'slug': 'next', 'tradingSymbol': 'NET'}, {'_id': '59cb59e81c073f09e76f614b', 'name': 'Bitcoin', 'slug': 'bitcoin', 'tradingSymbol': 'BTC'}, {'_id': '5e3844aa16c3760019f74f7b', 'name': 'TOP', 'slug': 'top', 'tradingSymbol': 'TOP'}]",Bitcoin’s fundamental case continues to strengthen as developments regarding the next stimulus bill continue. Industry executives believe that this could act as a catalyst for this market moving forward. This comes as BTC has begun to inch higher after weeks of consolidation. As of this article’s…,2020-07-23T12:00:59.000Z,Gemini CEO on How the Federal Reserve Will Boost Bitcoin’s Next Bull Run,https://cryptocontrol.io/r/api/article/5f199a3a0b40f1001979f14a?ref=5f1e57c28fa5ee0019914309,"{'_id': '59d71bd7ef8bf95cc2aaf579', 'name': 'NewsBTC', 'url': 'http://www.newsbtc.com', 'favicon': 'https://assets.cryptocontrol.io/favicons/59d71bd7ef8bf95cc2aaf579.png'}",https://cloudfront.cryptocontrol.io/thumbnails/5f199a3a0b40f1001979f14a-1595513404972.jpg,newsbtc.com,https://www.newsbtc.com/wp-content/uploads/2020/07/Depositphotos_150626576_l-2015.jpg
5f197f2b0b40f10019791781,73866.18441428314,0.19001613499442715,ICO,14,[],"[{'_id': '59cb59e81c073f09e76f614b', 'name': 'Bitcoin', 'slug': 'bitcoin', 'tradingSymbol': 'BTC'}]",Steve Wozniak says the reliance on algorithms to stop such scams is not working.,2020-07-23T11:57:59.000Z,Apple co-founder sues YouTube over Bitcoin scam,https://cryptocontrol.io/r/api/article/5f197f2b0b40f10019791781?ref=5f1e57c28fa5ee0019914309,"{'_id': '5b030f4a311c75000f13bc86', 'name': 'BBC', 'url': 'http://www.bbc.com', 'favicon': 'https://assets.cryptocontrol.io/favicons/5b030f4a311c75000f13bc86.jpg'}",https://cloudfront.cryptocontrol.io/thumbnails/5f197f2b0b40f10019791781-1595506475816.jpg,bbc.co.uk,https://ichef.bbci.co.uk/news/1024/branded_news/160B0/production/_113588209_wozniak.jpg
5f1999600b40f1001979f0c3,73866.17654678422,0.17654678421395717,Blockchain,481,[],"[{'_id': '59cb59f9b0836b0a63aebc7c', 'name': 'Ethereum', 'tradingSymbol': 'ETH', 'slug': 'ethereum'}, {'_id': '5a7b931102ac032bc99781f1', 'name': 'DATA', 'slug': 'data', 'tradingSymbol': 'DTA'}, {'_id': '59d21e9b83a0523906a45dda', 'name': 'ChainLink', 'slug': 'chainlink', 'tradingSymbol': 'LINK'}, {'_id': '5e3844a816c3760019f74b72', 'name': 'Defi', 'slug': 'defi', 'tradingSymbol': 'DEFI'}, {'_id': '5ac2c404a8134644d0cc0a32', 'name': 'Consensus', 'slug': 'consensus', 'tradingSymbol': 'SEN'}, {'_id': '5e3844a916c3760019f74e0a', 'name': 'POA', 'slug': 'poa', 'tradingSymbol': 'POA'}, {'_id': '5be61f883c4bad00168c1da8', 'name': 'DEX', 'slug': 'dex', 'tradingSymbol': 'DEX'}]","Binance is building out a DeFi platform with its Smart Chain protocol and has integrated Chainlink as a pricing solution.
",2020-07-23T12:00:00.000Z,Chainlink Integration Brings Data Feeds to Binance’s DeFi Project - CoinDesk,https://cryptocontrol.io/r/api/article/5f1999600b40f1001979f0c3?ref=5f1e57c28fa5ee0019914309,"{'_id': '59ce11393a44cf289a9a71f5', 'name': 'CoinDesk', 'url': 'http://coindesk.com', 'favicon': 'https://assets.cryptocontrol.io/favicons/59ce11393a44cf289a9a71f5.png'}",https://cloudfront.cryptocontrol.io/thumbnails/5f1999600b40f1001979f0c3-1595513184482.jpg,coindesk.com,https://static.coindesk.com/wp-content/uploads/2020/07/binance-BSC.jpg
5f1988de0b40f10019797100,73866.16881346387,0.1688134638736401,General,340,[],"[{'_id': '59cb5a047ab17a0b2ec00edf', 'name': 'Ripple', 'tradingSymbol': 'xrp', 'slug': 'ripple'}]","An order to integrate a tax law has just been requested by the South Korean government which would require a variety of assets to pay...
",2020-07-23T12:00:00.000Z,Ripple & YouTube: the lawsuit rages on as YT say they aren’t liable when it comes to crypto scams,https://cryptocontrol.io/r/api/article/5f1988de0b40f10019797100?ref=5f1e57c28fa5ee0019914309,"{'_id': '5b04f195311c75000f476271', 'name': 'Crypto Daily', 'url': 'https://cryptodaily.co.uk', 'favicon': 'https://assets.cryptocontrol.io/favicons/5b04f195311c75000f476271.jpg'}",https://cloudfront.cryptocontrol.io/thumbnails/5f1988de0b40f10019797100-1595508958573.jpg,cryptodaily.co.uk,https://cryptodailycdn.ams3.cdn.digitaloceanspaces.com/uploads/featured-images/Generic/south-korea-key.jpg
5f19996f0b40f1001979f0cd,73866.1685749517,0.18241754429663495,Analysis,431,[],"[{'_id': '5e3844a816c3760019f74be2', 'name': 'Rally', 'slug': 'rally', 'tradingSymbol': 'RALLY'}, {'_id': '59cb59e81c073f09e76f614b', 'name': 'Bitcoin', 'slug': 'bitcoin', 'tradingSymbol': 'BTC'}, {'_id': '5e3844a916c3760019f74d48', 'name': 'Safe', 'slug': 'safe', 'tradingSymbol': 'SAFE'}, {'_id': '5e3844aa16c3760019f74e18', 'name': 'Safe Haven', 'slug': 'safe-haven', 'tradingSymbol': 'SHA'}, {'_id': '5a7b931102ac032bc99781f1', 'name': 'DATA', 'slug': 'data', 'tradingSymbol': 'DTA'}]","After a rise over $9,500 Wednesday, bitcoin looks set to climb toward the psychological price hurdle of $10,000. Here's three reasons why.
",2020-07-23T11:55:01.000Z,3 Reasons Bitcoin's Price Could Soon Rise to $10K - CoinDesk,https://cryptocontrol.io/r/api/article/5f19996f0b40f1001979f0cd?ref=5f1e57c28fa5ee0019914309,"{'_id': '59ce11393a44cf289a9a71f5', 'name': 'CoinDesk', 'url': 'http://coindesk.com', 'favicon': 'https://assets.cryptocontrol.io/favicons/59ce11393a44cf289a9a71f5.png'}",https://cloudfront.cryptocontrol.io/thumbnails/5f19996f0b40f1001979f0cd-1595513199668.jpg,coindesk.com,https://static.coindesk.com/wp-content/uploads/2020/06/generic-price-chart.jpg
5f198ea20b40f1001979a42a,73866.1652325186,0.16523251860396904,Exchanges,206,[],"[{'_id': '59d21e9b83a0523906a45df2', 'name': 'Syscoin', 'slug': 'syscoin', 'tradingSymbol': 'SYS'}, {'_id': '59cb59f9b0836b0a63aebc7c', 'name': 'Ethereum', 'tradingSymbol': 'ETH', 'slug': 'ethereum'}, {'_id': '5afcc60ced3b0e000f40d55c', 'name': 'KEY', 'slug': 'key', 'tradingSymbol': 'key'}, {'_id': '5a1aafdbda3d21115462eead', 'name': 'ERC20', 'slug': 'erc20', 'tradingSymbol': 'ERC20'}]",The agreement will enable BUSD to be available on the Syscoin network.,2020-07-23T12:00:00.000Z,Binance To Use Syscoin Bridge For Its BUSD Stablecoin,https://cryptocontrol.io/r/api/article/5f198ea20b40f1001979a42a?ref=5f1e57c28fa5ee0019914309,"{'_id': '5b6b761b3bda0e0010d82323', 'name': 'Insider.pro EN', 'url': 'https://en.insider.pro', 'favicon': 'https://assets.cryptocontrol.io/favicons/5b6b761b3bda0e0010d82323.png'}",https://cloudfront.cryptocontrol.io/thumbnails/5f198ea20b40f1001979a42a-1595510434162.jpg,ihodl.com,https://ihodl.com/media/articles/facebook/6/bb/ddd749bb6__800x420__q85.jpg
5f197ba30b40f1001978f040,73866.15981452508,0.24134230285081434,General,1905,[],"[{'_id': '59cb59e81c073f09e76f614b', 'name': 'Bitcoin', 'slug': 'bitcoin', 'tradingSymbol': 'BTC'}, {'_id': '5a7b931102ac032bc99781f1', 'name': 'DATA', 'slug': 'data', 'tradingSymbol': 'DTA'}, {'_id': '59d21e9b83a0523906a45daf', 'name': 'Bitcoin Cash', 'slug': 'bitcoin-cash', 'tradingSymbol': 'BCH'}, {'_id': '5a1aafdbda3d21115462eead', 'name': 'ERC20', 'slug': 'erc20', 'tradingSymbol': 'ERC20'}, {'_id': '59d21e9b83a0523906a45de5', 'name': 'Status', 'slug': 'status', 'tradingSymbol': 'SNT'}, {'_id': '5b4be006c831fd000fc41c2d', 'name': 'Record', 'slug': 'record', 'tradingSymbol': 'rcd'}, {'_id': '59d21e9b83a0523906a45dbe', 'name': 'Tether', 'slug': 'tether', 'tradingSymbol': 'USDT'}, {'_id': '5aa47188a8134644d03a5196', 'name': 'Bitcoin Private', 'slug': 'bitcoin-private', 'tradingSymbol': 'BTCP'}, {'_id': '5a7b930902ac032bc997817f', 'name': 'Telcoin', 'slug': 'telcoin', 'tradingSymbol': 'TEL'}, {'_id': '59cb59f9b0836b0a63aebc7c', 'name': 'Ethereum', 'tradingSymbol': 'ETH', 'slug': 'ethereum'}]","The number of regulated cryptocurrency exchanges in the Philippines has grown to 16, according to Bangko Sentral ng Pilipinas, the country’s central bank. One of the regulated exchanges has been helping the government and Unionbank to launch an app for bond purchases. 16 Registered Crypto Exchanges…",2020-07-23T11:30:39.000Z,Philippines Now Has 16 Cryptocurrency Exchanges Approved by Central Bank,https://cryptocontrol.io/r/api/article/5f197ba30b40f1001978f040?ref=5f1e57c28fa5ee0019914309,"{'_id': '59d71c67ef8bf95cc2ab0147', 'name': 'Bitcoin.com', 'url': 'https://news.bitcoin.com/', 'favicon': 'https://assets.cryptocontrol.io/favicons/59d71c67ef8bf95cc2ab0147.png'}",https://cloudfront.cryptocontrol.io/thumbnails/5f197ba30b40f1001978f040-1595505571881.jpg,news.bitcoin.com,https://news.bitcoin.com/wp-content/uploads/2019/01/philippine-cryptocurrency.jpg
5f1991980b40f1001979bb16,73866.15886131454,0.1641853886172395,Blockchain,597,[],"[{'_id': '5a7b931102ac032bc99781f1', 'name': 'DATA', 'slug': 'data', 'tradingSymbol': 'DTA'}, {'_id': '59cb59e81c073f09e76f614b', 'name': 'Bitcoin', 'slug': 'bitcoin', 'tradingSymbol': 'BTC'}]","Bitcoin’s hashrate data is inconsistent across major data providers, which has confused those who track mining information. Kraken Intelligence created a new hashrate metric that aims to bridge this gap...
",2020-07-23T11:58:05.000Z,Kraken Proposes a More Reliable Way to Measure Bitcoin’s Hashrate,https://cryptocontrol.io/r/api/article/5f1991980b40f1001979bb16?ref=5f1e57c28fa5ee0019914309,"{'_id': '5badd3ca0c38a70019e41912', 'name': 'Crypto Briefing', 'url': 'https://cryptobriefing.com/', 'favicon': 'https://assets.cryptocontrol.io/favicons/5badd3ca0c38a70019e41912.png'}",https://cloudfront.cryptocontrol.io/thumbnails/5f1991980b40f1001979bb16-1595511192884.png,cryptobriefing.com,https://cryptobriefing.com/wp-content/uploads/2020/07/Bitcoin-Hashrate-Metric-Image.png
5f1946370b40f10019779240,73866.15372285289,3.1524728528934984,General,454,"[{'_id': '5f1942d90b40f10019776b4c', 'title': 'Analyst: These External Factors are Making a Bitcoin Breakout Highly Likely', 'publishedAt': '2020-07-22T16:00:08.000Z', 'sourceDomain': 'newsbtc.com', 'url': 'https://cryptocontrol.io/r/api/article/5f1942d90b40f10019776b4c?ref=5f1e57c28fa5ee0019914309', 'thumbnail': 'https://cloudfront.cryptocontrol.io/thumbnails/5f1942d90b40f10019776b4c-1595491033777.jpg'}, {'_id': '5f19429f0b40f10019776b44', 'title': 'Bitcoin is Just an Inch Away from Starting a Nosedive to $7,000; Here’s Why', 'publishedAt': '2020-07-23T00:00:49.000Z', 'sourceDomain': 'newsbtc.com', 'url': 'https://cryptocontrol.io/r/api/article/5f19429f0b40f10019776b44?ref=5f1e57c28fa5ee0019914309', 'thumbnail': 'https://cloudfront.cryptocontrol.io/thumbnails/5f19429f0b40f10019776b44-1595490975496.jpg'}]","[{'_id': '5a7b931102ac032bc99781f1', 'name': 'DATA', 'slug': 'data', 'tradingSymbol': 'DTA'}, {'_id': '59cb59e81c073f09e76f614b', 'name': 'Bitcoin', 'slug': 'bitcoin', 'tradingSymbol': 'BTC'}, {'_id': '59d21e9b83a0523906a45f2b', 'name': 'Altcoin', 'slug': 'altcoin-alt', 'tradingSymbol': 'alt'}]","Bitcoin has been able to stabilize over $9,300 following the upswing seen yesterday This is the first time the crypto has been able to hold over this price level for an extended period in many weeks The aggregated market is showing some signs of strength, as the downturn seen yesterday was erased by…",2020-07-22T18:00:27.000Z,Here are Three Factors Suggesting Bitcoin is Poised to Explode Higher,https://cryptocontrol.io/r/api/article/5f1946370b40f10019779240?ref=5f1e57c28fa5ee0019914309,"{'_id': '59d8e471ef8bf95cc2c16858', 'name': 'Bitcoinist', 'url': 'https://bitcoinist.com', 'favicon': 'https://assets.cryptocontrol.io/favicons/59d8e471ef8bf95cc2c16858.png'}",https://cloudfront.cryptocontrol.io/thumbnails/5f1946370b40f10019779240-1595491895341.jpg,bitcoinist.com,https://bitcoinist.com/wp-content/uploads/2020/07/mike-szczepanski-MnSYYYqunXA-unsplash-1920x1224.jpg
5f19940c0b40f1001979bdc6,73866.13163089512,0.17839015438284095,General,325,[],"[{'_id': '59cb59e81c073f09e76f614b', 'name': 'Bitcoin', 'slug': 'bitcoin', 'tradingSymbol': 'BTC'}, {'_id': '59d21e9b83a0523906a45f2b', 'name': 'Altcoin', 'slug': 'altcoin-alt', 'tradingSymbol': 'alt'}, {'_id': '5e3844a816c3760019f74be2', 'name': 'Rally', 'slug': 'rally', 'tradingSymbol': 'RALLY'}, {'_id': '5e3844a816c3760019f74b72', 'name': 'Defi', 'slug': 'defi', 'tradingSymbol': 'DEFI'}]","The resurgence in bitcoin price in the last 24-hours has seen the leading cryptocurrency revisit the $9500 mark for the first time in close to a month. However, that upward move wasn’t enough to save Bitcoin’s dominance level from hitting a new yearly low of 61.4% at the time of writing this report.…",2020-07-23T11:43:10.000Z,Altseason Plot Thickens as Bitcoin Dominance Shrinks to 61.4% Yearly Low,https://cryptocontrol.io/r/api/article/5f19940c0b40f1001979bdc6?ref=5f1e57c28fa5ee0019914309,"{'_id': '5c2cbd2223b00e001013dda7', 'name': 'CoinfoMania', 'url': 'https://coinfomania.com/', 'favicon': 'https://assets.cryptocontrol.io/favicons/5c2cbd2223b00e001013dda7.png'}",https://cloudfront.cryptocontrol.io/thumbnails/5f19940c0b40f1001979bdc6-1595511820873.jpg,coinfomania.com,https://coinfomania.com/wp-content/uploads/Short-Bitcoin-BTC.jpg
